cluster,loc,v(g),branchCount,uniq_Opnd,lOCode,defects_encoded,size,defect_rate_%,tier_label
0,35.10167631452001,5.1509165460685,9.108586589483838,15.192136999517606,20.768451519536903,0.20441389290882778,8292,20.4,Tier 1 — Small & Simple
1,214.5859247135843,32.337152209492636,61.48772504091653,68.93780687397708,150.31751227495909,0.4959083469721768,611,49.6,Tier 2 — Moderate Complexity
2,1558.888888888889,300.0,438.22222222222223,552.7777777777778,1333.888888888889,1.0,9,100.0,Tier 3 — Large & Critical
