feature,rank_LR,rank_DT,rank_RF,avg_rank
loc,1,1,1,1.0
uniq_Opnd,2,5,4,3.6666666666666665
v(g),7,2,2,3.6666666666666665
branchCount,5,3,3,3.6666666666666665
total_Opnd,4,4,7,5.0
v,6,6,5,5.666666666666667
lOCode,3,8,9,6.666666666666667
total_Op,9,7,6,7.333333333333333
n,8,10,8,8.666666666666666
lOBlank,10,9,10,9.666666666666666
