Model,Accuracy,Precision,Recall,F1 (weighted),ROC-AUC
Logistic Regression,0.7184520471116096,0.7362698348128294,0.7184520471116096,0.7262545829348953,0.6893177126676537
Decision Tree,0.699383062254627,0.7232938260412429,0.699383062254627,0.7096373528962525,0.6498022198925719
Random Forest,0.7386427369601795,0.7326601661581812,0.7386427369601795,0.7354942520453819,0.6938028899672528
